{"cameraMode":{"drawMode":0,"name":"Shaded","section":"Shading Mode"},"sceneLighting":true,"audioPlay":false,"sceneViewState":{"m_AlwaysRefresh":false,"showFog":true,"showSkybox":true,"showFlares":true,"showImageEffects":true,"showParticleSystems":true,"showVisualEffectGraphs":true,"m_FxEnabled":true},"in2DMode":false,"pivot":{"x":-1.2060320377349854,"y":-0.17577210068702699,"z":0.2898983955383301},"rotation":{"x":-0.09307597577571869,"y":0.5940305590629578,"z":-0.06945852935314179,"w":-0.7960265278816223},"size":0.9233471155166626,"orthographic":false}